Pclass,Age,SibSp,Parch,Fare,FamilySize,IsAlone,Age_na,Cabin_na,Name_Mr,Name_Mrs,Name_Miss,Name_Rare,Sex_male,Cabin_B,Cabin_Rare,Cabin_C,Embarked_Q,Embarked_S,Embarked_C
1.0,0.45272319662402744,0.0,0.0,0.5549823026018741,0.0,1.0,0.0,1.0,1.0,0.0,0.0,0.0,1.0,0.0,0.0,0.0,1.0,0.0,0.0
1.0,0.6175656072794409,0.5,0.0,0.5365500390940664,0.3333333333333333,0.0,0.0,1.0,0.0,1.0,0.0,0.0,0.0,0.0,0.0,0.0,0.0,1.0,0.0
0.5,0.815376500065937,0.0,0.0,0.5892512349231309,0.0,1.0,0.0,1.0,1.0,0.0,0.0,0.0,1.0,0.0,0.0,0.0,1.0,0.0,0.0
1.0,0.3538177502307794,0.0,0.0,0.571393722679485,0.0,1.0,0.0,1.0,1.0,0.0,0.0,0.0,1.0,0.0,0.0,0.0,0.0,1.0,0.0
1.0,0.287880785968614,0.5,0.3333333333333333,0.626123465780383,0.6666666666666666,0.0,0.0,1.0,0.0,1.0,0.0,0.0,0.0,0.0,0.0,0.0,0.0,1.0,0.0
1.0,0.18238164314914942,0.0,0.0,0.5814783573439124,0.0,1.0,0.0,1.0,1.0,0.0,0.0,0.0,1.0,0.0,0.0,0.0,0.0,1.0,0.0
1.0,0.3933799287880786,0.0,0.0,0.5507457724796774,0.0,1.0,0.0,1.0,0.0,0.0,1.0,0.0,0.0,0.0,0.0,0.0,1.0,0.0,0.0
0.5,0.34063035737834635,0.5,0.3333333333333333,0.7455335211624188,0.6666666666666666,0.0,0.0,1.0,1.0,0.0,0.0,0.0,1.0,0.0,0.0,0.0,0.0,1.0,0.0
1.0,0.23513121455888172,0.0,0.0,0.5418820208313929,0.0,1.0,0.0,1.0,0.0,1.0,0.0,0.0,0.0,0.0,0.0,0.0,0.0,0.0,1.0
1.0,0.27469339311618096,1.0,0.0,0.7219587323215579,0.6666666666666666,0.0,0.0,1.0,1.0,0.0,0.0,0.0,1.0,0.0,0.0,0.0,0.0,1.0,0.0
1.0,0.3538177502307794,0.0,0.0,0.5563658227917077,0.0,1.0,1.0,1.0,1.0,0.0,0.0,0.0,1.0,0.0,0.0,0.0,0.0,1.0,0.0
0.0,0.6043782144270078,0.0,0.0,0.7315895681205158,0.0,1.0,0.0,1.0,1.0,0.0,0.0,0.0,1.0,0.0,0.0,0.0,0.0,1.0,0.0
0.0,0.3010681788210471,0.5,0.0,0.861135176222168,0.3333333333333333,0.0,0.0,0.0,0.0,1.0,0.0,0.0,0.0,1.0,0.0,0.0,0.0,1.0,0.0
0.5,0.8285638929183701,0.5,0.0,0.7315895681205158,0.3333333333333333,0.0,0.0,1.0,1.0,0.0,0.0,0.0,1.0,0.0,0.0,0.0,0.0,1.0,0.0
0.0,0.6175656072794409,0.5,0.0,0.831393623110399,0.3333333333333333,0.0,0.0,0.0,0.0,1.0,0.0,0.0,0.0,0.0,1.0,0.0,0.0,1.0,0.0
0.5,0.31425557167348017,0.5,0.0,0.7398168452585685,0.3333333333333333,0.0,0.0,1.0,0.0,1.0,0.0,0.0,0.0,0.0,0.0,0.0,0.0,0.0,1.0
0.5,0.459316893050244,0.0,0.0,0.6268933481134263,0.0,1.0,0.0,1.0,1.0,0.0,0.0,0.0,1.0,0.0,0.0,0.0,1.0,0.0,0.0
1.0,0.27469339311618096,0.0,0.0,0.5417860345019674,0.0,1.0,0.0,1.0,1.0,0.0,0.0,0.0,1.0,0.0,0.0,0.0,0.0,0.0,1.0
1.0,0.3538177502307794,0.5,0.0,0.5569682274872302,0.3333333333333333,0.0,0.0,1.0,0.0,0.0,1.0,0.0,0.0,0.0,0.0,0.0,0.0,1.0,0.0
1.0,0.5911908215745747,0.0,0.0,0.5417860345019674,0.0,1.0,0.0,1.0,0.0,1.0,0.0,0.0,0.0,0.0,0.0,0.0,0.0,0.0,1.0
0.0,0.7230647500989055,0.5,0.0,0.8283083036634156,0.3333333333333333,0.0,0.0,1.0,1.0,0.0,0.0,0.0,1.0,0.0,0.0,0.0,0.0,0.0,1.0
1.0,0.11644467888698405,0.0,0.3333333333333333,0.40100441834632244,0.3333333333333333,0.0,0.0,1.0,0.0,0.0,0.0,1.0,1.0,0.0,0.0,0.0,0.0,1.0,0.0
0.0,0.3538177502307794,0.0,0.0,0.7565686624732384,0.0,1.0,1.0,1.0,0.0,1.0,0.0,0.0,0.0,0.0,0.0,0.0,0.0,1.0,0.0
0.0,0.27469339311618096,0.0,0.3333333333333333,0.8317413103388186,0.3333333333333333,0.0,0.0,1.0,1.0,0.0,0.0,0.0,1.0,0.0,0.0,0.0,0.0,0.0,1.0
0.0,0.630753000131874,0.5,0.6666666666666666,0.9571210147312349,1.0,0.0,0.0,0.0,0.0,1.0,0.0,0.0,0.0,1.0,0.0,0.0,0.0,0.0,1.0
1.0,0.6571277858367401,0.5,0.0,0.6508653569632855,0.3333333333333333,0.0,0.0,1.0,1.0,0.0,0.0,0.0,1.0,0.0,0.0,0.0,0.0,1.0,0.0
0.0,0.287880785968614,0.0,0.3333333333333333,0.8327545275981728,0.3333333333333333,0.0,0.0,0.0,0.0,0.0,1.0,0.0,0.0,1.0,0.0,0.0,0.0,0.0,1.0
1.0,0.29447448239483054,0.0,0.0,0.5417860345019674,0.0,1.0,0.0,1.0,1.0,0.0,0.0,0.0,1.0,0.0,0.0,0.0,0.0,0.0,1.0
0.0,0.5384412501648425,0.0,0.0,0.7518511774559095,0.0,1.0,0.0,0.0,1.0,0.0,0.0,0.0,1.0,0.0,1.0,0.0,0.0,1.0,0.0
1.0,0.3538177502307794,1.0,0.0,0.7075767447833075,0.6666666666666666,0.0,1.0,1.0,1.0,0.0,0.0,0.0,1.0,0.0,0.0,0.0,0.0,0.0,1.0
0.5,0.6571277858367401,0.5,0.0,0.7315895681205158,0.3333333333333333,0.0,0.0,1.0,1.0,0.0,0.0,0.0,1.0,0.0,0.0,0.0,0.0,1.0,0.0
0.5,0.31425557167348017,1.0,0.0,0.7558523647876272,0.6666666666666666,0.0,0.0,1.0,1.0,0.0,0.0,0.0,1.0,0.0,0.0,0.0,0.0,1.0,0.0
1.0,0.43294210734537786,0.5,1.0,0.7004829279166924,1.0,0.0,0.0,1.0,0.0,1.0,0.0,0.0,0.0,0.0,0.0,0.0,0.0,1.0,0.0
1.0,0.3538177502307794,0.5,1.0,0.7180745552696058,1.0,0.0,1.0,1.0,0.0,1.0,0.0,0.0,0.0,0.0,0.0,0.0,0.0,1.0,0.0
0.0,0.3933799287880786,0.5,0.0,0.8253340882259095,0.3333333333333333,0.0,0.0,0.0,1.0,0.0,0.0,0.0,1.0,0.0,0.0,1.0,0.0,0.0,1.0
1.0,0.24172491098509827,0.0,0.0,0.5418820208313929,0.0,1.0,0.0,1.0,1.0,0.0,0.0,0.0,1.0,0.0,0.0,0.0,0.0,0.0,1.0
1.0,0.3538177502307794,0.0,0.0,0.5595187239971872,0.0,1.0,1.0,1.0,0.0,0.0,1.0,0.0,0.0,0.0,0.0,0.0,0.0,1.0,0.0
1.0,0.27469339311618096,0.0,0.0,0.571393722679485,0.0,1.0,0.0,1.0,0.0,0.0,1.0,0.0,0.0,0.0,0.0,0.0,0.0,1.0,0.0
1.0,0.32744296452591326,0.0,0.0,0.5861530664374384,0.0,1.0,0.0,1.0,1.0,0.0,0.0,0.0,1.0,0.0,0.0,0.0,0.0,1.0,0.0
1.0,0.3538177502307794,0.0,0.0,0.8230006919263801,0.0,1.0,1.0,1.0,1.0,0.0,0.0,0.0,1.0,0.0,0.0,0.0,0.0,1.0,0.0
1.0,0.5120664644599763,0.0,0.3333333333333333,0.6393604564686096,0.3333333333333333,0.0,0.0,1.0,1.0,0.0,0.0,0.0,1.0,0.0,0.0,0.0,0.0,0.0,1.0
0.0,0.3538177502307794,0.0,0.0,0.7342906634447267,0.0,1.0,1.0,0.0,1.0,0.0,0.0,0.0,1.0,0.0,1.0,0.0,0.0,1.0,0.0
1.0,0.5384412501648425,0.0,0.0,0.5554158269436166,0.0,1.0,0.0,1.0,1.0,0.0,0.0,0.0,1.0,0.0,0.0,0.0,0.0,1.0,0.0
0.5,0.3933799287880786,0.0,0.0,0.6346356232964052,0.0,1.0,0.0,1.0,0.0,1.0,0.0,0.0,0.0,0.0,0.0,0.0,0.0,1.0,0.0
0.0,0.5911908215745747,0.5,0.0,0.8152200617692013,0.3333333333333333,0.0,0.0,0.0,0.0,1.0,0.0,0.0,0.0,0.0,1.0,0.0,0.0,1.0,0.0
1.0,0.32744296452591326,0.0,0.0,0.5569682274872302,0.0,1.0,0.0,1.0,1.0,0.0,0.0,0.0,1.0,0.0,0.0,0.0,0.0,1.0,0.0
0.0,0.5911908215745747,0.0,0.0,0.7485310286874317,0.0,1.0,0.0,0.0,1.0,0.0,0.0,0.0,1.0,0.0,1.0,0.0,0.0,0.0,1.0
1.0,0.3538177502307794,0.0,0.0,0.5533195029640359,0.0,1.0,1.0,1.0,1.0,0.0,0.0,0.0,1.0,0.0,0.0,0.0,1.0,0.0,0.0
0.0,0.7890017143610708,0.0,0.0,0.8537851986314668,0.0,1.0,0.0,0.0,0.0,1.0,0.0,0.0,0.0,0.0,1.0,0.0,0.0,0.0,1.0
1.0,0.47250428590267707,0.0,1.0,0.6642914463937256,0.6666666666666666,0.0,0.0,1.0,0.0,1.0,0.0,0.0,0.0,0.0,0.0,0.0,0.0,1.0,0.0
0.0,0.31425557167348017,0.5,0.0,0.8293641012141307,0.3333333333333333,0.0,0.0,0.0,1.0,0.0,0.0,0.0,1.0,0.0,0.0,1.0,0.0,1.0,0.0
0.5,0.3538177502307794,0.0,0.0,0.656156691027113,0.0,1.0,0.0,1.0,1.0,0.0,0.0,0.0,1.0,0.0,0.0,0.0,0.0,0.0,1.0
0.5,0.2615060002637479,1.0,0.3333333333333333,0.7155014341677692,1.0,0.0,0.0,1.0,0.0,0.0,1.0,0.0,0.0,0.0,0.0,0.0,0.0,1.0,0.0
0.0,0.36700514308321247,1.0,1.0,0.957288086261824,1.0,0.0,0.0,0.0,0.0,0.0,1.0,0.0,0.0,0.0,0.0,1.0,0.0,1.0,0.0
0.5,0.3538177502307794,0.0,0.0,0.6613441586633427,0.0,1.0,1.0,1.0,1.0,0.0,0.0,0.0,1.0,0.0,0.0,0.0,0.0,0.0,1.0
1.0,0.12963207173941713,1.0,0.3333333333333333,0.7460753326715412,1.0,0.0,0.0,1.0,0.0,0.0,0.0,1.0,1.0,0.0,0.0,0.0,1.0,0.0,0.0
1.0,0.459316893050244,0.0,0.0,0.5563658227917077,0.0,1.0,0.0,1.0,1.0,0.0,0.0,0.0,1.0,0.0,0.0,0.0,0.0,1.0,0.0
1.0,0.32744296452591326,0.0,0.0,0.5511922142527812,0.0,1.0,0.0,0.0,1.0,0.0,0.0,0.0,1.0,0.0,1.0,0.0,0.0,1.0,0.0
1.0,0.3538177502307794,0.5,0.0,0.6660928261092621,0.3333333333333333,0.0,1.0,1.0,1.0,0.0,0.0,0.0,1.0,0.0,0.0,0.0,0.0,1.0,0.0
0.0,0.47250428590267707,0.0,0.0,0.9571210147312349,0.0,1.0,0.0,0.0,0.0,0.0,1.0,0.0,0.0,1.0,0.0,0.0,0.0,0.0,1.0
1.0,0.22194382170644866,0.0,0.0,0.5563658227917077,0.0,1.0,0.0,1.0,1.0,0.0,0.0,0.0,1.0,0.0,0.0,0.0,0.0,1.0,0.0
0.5,0.41975471449294477,0.0,0.0,0.6402839749775167,0.0,1.0,0.0,1.0,1.0,0.0,0.0,0.0,1.0,0.0,0.0,0.0,0.0,1.0,0.0
1.0,0.23513121455888172,0.0,0.0,0.5533195029640359,0.0,1.0,0.0,1.0,1.0,0.0,0.0,0.0,1.0,0.0,0.0,0.0,0.0,1.0,0.0
1.0,0.287880785968614,0.0,0.0,0.5527906153629355,0.0,1.0,0.0,1.0,0.0,0.0,1.0,0.0,0.0,0.0,0.0,0.0,1.0,0.0,0.0
0.0,0.16919425029671636,1.0,1.0,0.9571210147312349,1.0,0.0,0.0,0.0,0.0,0.0,0.0,1.0,1.0,1.0,0.0,0.0,0.0,0.0,1.0
0.5,0.3538177502307794,0.0,0.0,0.703267298778774,0.0,1.0,1.0,1.0,0.0,1.0,0.0,0.0,0.0,0.0,0.0,0.0,0.0,1.0,0.0
1.0,0.23513121455888172,0.0,0.0,0.5560222276446174,0.0,1.0,0.0,1.0,0.0,0.0,1.0,0.0,0.0,0.0,0.0,0.0,1.0,0.0,0.0
0.0,0.6175656072794409,0.0,0.0,0.7912487961810839,0.0,1.0,0.0,1.0,1.0,0.0,0.0,0.0,1.0,0.0,0.0,0.0,0.0,1.0,0.0
0.0,0.4065673216405117,0.0,0.0,0.7435033483416118,0.0,1.0,0.0,0.0,1.0,0.0,0.0,0.0,1.0,0.0,0.0,1.0,0.0,0.0,1.0
0.0,0.7890017143610708,0.5,0.6666666666666666,0.957288086261824,1.0,0.0,0.0,0.0,0.0,1.0,0.0,0.0,0.0,0.0,0.0,1.0,0.0,1.0,0.0
1.0,0.31425557167348017,0.0,0.0,0.5533195029640359,0.0,1.0,0.0,1.0,0.0,0.0,1.0,0.0,0.0,0.0,0.0,0.0,1.0,0.0,0.0
1.0,0.27469339311618096,0.0,0.0,0.5563658227917077,0.0,1.0,0.0,1.0,1.0,0.0,0.0,0.0,1.0,0.0,0.0,0.0,0.0,1.0,0.0
1.0,0.38019253593564556,0.0,0.0,0.5569682274872302,0.0,1.0,0.0,1.0,0.0,0.0,1.0,0.0,0.0,0.0,0.0,0.0,0.0,1.0,0.0
0.0,0.373598839509429,0.0,0.0,0.7398168452585685,0.0,1.0,0.0,0.0,1.0,0.0,0.0,0.0,1.0,0.0,1.0,0.0,0.0,0.0,1.0
0.0,0.459316893050244,0.0,0.0,0.9415177058296278,0.0,1.0,0.0,0.0,0.0,0.0,1.0,0.0,0.0,0.0,0.0,1.0,0.0,0.0,1.0
0.0,0.4263484109191613,0.0,0.0,0.9415177058296278,0.0,1.0,0.0,0.0,1.0,0.0,0.0,0.0,1.0,0.0,0.0,1.0,0.0,0.0,1.0
1.0,0.3538177502307794,0.0,0.0,0.5595187239971872,0.0,1.0,1.0,1.0,1.0,0.0,0.0,0.0,1.0,0.0,0.0,0.0,0.0,1.0,0.0
0.0,0.7230647500989055,1.0,0.0,0.7300863086856915,0.6666666666666666,0.0,0.0,0.0,0.0,1.0,0.0,0.0,0.0,0.0,0.0,1.0,0.0,1.0,0.0
0.5,0.3933799287880786,0.0,0.0,0.6346356232964052,0.0,1.0,0.0,1.0,1.0,0.0,0.0,0.0,1.0,0.0,0.0,0.0,0.0,1.0,0.0
1.0,0.31425557167348017,0.0,0.0,0.5533195029640359,0.0,1.0,0.0,1.0,0.0,0.0,1.0,0.0,0.0,0.0,0.0,0.0,1.0,0.0,0.0
1.0,0.07688250032968483,0.5,0.3333333333333333,0.6582025536003463,0.6666666666666666,0.0,0.0,1.0,0.0,0.0,0.0,1.0,1.0,0.0,0.0,0.0,0.0,0.0,1.0
0.0,0.8813134643281024,0.5,0.0,0.9450336066644996,0.3333333333333333,0.0,0.0,0.0,1.0,0.0,0.0,0.0,1.0,0.0,0.0,1.0,0.0,1.0,0.0
0.0,0.643940392984307,0.0,0.0,0.7315895681205158,0.0,1.0,0.0,1.0,1.0,0.0,0.0,0.0,1.0,0.0,0.0,0.0,0.0,1.0,0.0
1.0,0.3538177502307794,0.0,0.0,0.5563658227917077,0.0,1.0,1.0,1.0,1.0,0.0,0.0,0.0,1.0,0.0,0.0,0.0,0.0,1.0,0.0
0.5,0.3538177502307794,0.0,0.0,0.6049753484266654,0.0,1.0,1.0,1.0,1.0,0.0,0.0,0.0,1.0,0.0,0.0,0.0,1.0,0.0,0.0
1.0,0.3538177502307794,0.5,0.0,0.6504000639580955,0.3333333333333333,0.0,1.0,1.0,1.0,0.0,0.0,0.0,1.0,0.0,0.0,0.0,0.0,0.0,1.0
1.0,0.3538177502307794,0.0,0.0,0.5560222276446174,0.0,1.0,0.0,1.0,0.0,0.0,1.0,0.0,0.0,0.0,0.0,0.0,1.0,0.0,0.0
1.0,0.23513121455888172,0.0,0.0,0.5595187239971872,0.0,1.0,0.0,1.0,0.0,0.0,1.0,0.0,0.0,0.0,0.0,0.0,0.0,1.0,0.0
1.0,0.3538177502307794,0.0,0.0,0.5533195029640359,0.0,1.0,1.0,1.0,0.0,0.0,0.0,1.0,0.0,0.0,0.0,0.0,1.0,0.0,0.0
0.5,0.024132928919952525,0.5,0.3333333333333333,0.7155014341677692,0.6666666666666666,0.0,0.0,1.0,0.0,0.0,0.0,1.0,1.0,0.0,0.0,0.0,0.0,1.0,0.0
1.0,0.287880785968614,0.5,0.0,0.6446257024068703,0.3333333333333333,0.0,0.0,1.0,0.0,1.0,0.0,0.0,0.0,0.0,0.0,0.0,0.0,1.0,0.0
1.0,0.3538177502307794,0.0,0.0,0.5538464554174182,0.0,1.0,1.0,1.0,1.0,0.0,0.0,0.0,1.0,0.0,0.0,0.0,0.0,1.0,0.0
0.0,0.3538177502307794,0.5,1.0,0.8140672090884382,1.0,0.0,0.0,0.0,0.0,1.0,0.0,0.0,0.0,1.0,0.0,0.0,0.0,1.0,0.0
1.0,0.3538177502307794,0.0,0.0,0.5595187239971872,0.0,1.0,1.0,1.0,1.0,0.0,0.0,0.0,1.0,0.0,0.0,0.0,0.0,1.0,0.0
0.0,0.32744296452591326,0.0,0.0,0.7315895681205158,0.0,1.0,0.0,1.0,1.0,0.0,0.0,0.0,1.0,0.0,0.0,0.0,0.0,0.0,1.0
1.0,0.32744296452591326,0.0,0.0,0.5542834141015388,0.0,1.0,0.0,1.0,1.0,0.0,0.0,0.0,1.0,0.0,0.0,0.0,0.0,1.0,0.0
0.0,1.0,0.5,0.0,0.8570185051581507,0.3333333333333333,0.0,0.0,0.0,0.0,1.0,0.0,0.0,0.0,0.0,0.0,1.0,0.0,1.0,0.0
1.0,0.38019253593564556,0.0,0.0,0.5569682274872302,0.0,1.0,0.0,1.0,1.0,0.0,0.0,0.0,1.0,0.0,0.0,0.0,0.0,1.0,0.0
1.0,0.2615060002637479,0.0,0.0,0.5555032068973483,0.0,1.0,0.0,1.0,0.0,0.0,1.0,0.0,0.0,0.0,0.0,0.0,0.0,1.0,0.0
1.0,0.43294210734537786,0.0,0.0,0.5595187239971872,0.0,1.0,0.0,1.0,1.0,0.0,0.0,0.0,1.0,0.0,0.0,0.0,0.0,1.0,0.0
0.0,0.5648160358697086,0.5,0.0,0.8209884864309218,0.3333333333333333,0.0,0.0,0.0,0.0,1.0,0.0,0.0,0.0,0.0,0.0,1.0,0.0,0.0,1.0
0.5,0.3538177502307794,0.5,0.0,0.7315895681205158,0.3333333333333333,0.0,0.0,1.0,1.0,0.0,0.0,0.0,1.0,0.0,0.0,0.0,0.0,1.0,0.0
1.0,0.3538177502307794,0.0,0.0,0.5533195029640359,0.0,1.0,1.0,1.0,1.0,0.0,0.0,0.0,1.0,0.0,0.0,0.0,1.0,0.0,0.0
1.0,0.34063035737834635,0.0,0.0,0.5538464554174182,0.0,1.0,0.0,1.0,1.0,0.0,0.0,0.0,1.0,0.0,0.0,0.0,0.0,1.0,0.0
1.0,0.20875642885401557,0.5,0.3333333333333333,0.5686562864158885,0.6666666666666666,0.0,0.0,1.0,0.0,1.0,0.0,0.0,0.0,0.0,0.0,0.0,0.0,0.0,1.0
1.0,0.36700514308321247,0.0,0.0,0.7127173348611054,0.0,1.0,0.0,1.0,1.0,0.0,0.0,0.0,1.0,0.0,0.0,0.0,0.0,1.0,0.0
1.0,0.27469339311618096,0.0,0.0,0.554806853871434,0.0,1.0,0.0,1.0,1.0,0.0,0.0,0.0,1.0,0.0,0.0,0.0,1.0,0.0,0.0
1.0,0.3538177502307794,0.0,0.0,0.5533195029640359,0.0,1.0,1.0,1.0,1.0,0.0,0.0,0.0,1.0,0.0,0.0,0.0,1.0,0.0,0.0
1.0,0.3538177502307794,0.0,0.0,0.5723203097329544,0.0,1.0,1.0,1.0,1.0,0.0,0.0,0.0,1.0,0.0,0.0,0.0,0.0,1.0,0.0
0.5,0.24172491098509827,0.0,0.0,0.6346356232964052,0.0,1.0,0.0,0.0,1.0,0.0,0.0,0.0,1.0,0.0,1.0,0.0,0.0,1.0,0.0
0.5,0.5384412501648425,0.0,0.0,0.6562779967814925,0.0,1.0,0.0,1.0,1.0,0.0,0.0,0.0,1.0,0.0,0.0,0.0,0.0,0.0,1.0
1.0,0.3538177502307794,0.0,0.0,0.5539347944608922,0.0,1.0,1.0,1.0,0.0,0.0,1.0,0.0,0.0,0.0,0.0,0.0,1.0,0.0,0.0
0.0,0.47250428590267707,0.0,0.0,0.7565526969346148,0.0,1.0,0.0,0.0,0.0,0.0,1.0,0.0,0.0,0.0,1.0,0.0,0.0,0.0,1.0
1.0,0.24172491098509827,0.0,0.0,0.5431128248823623,0.0,1.0,0.0,1.0,0.0,0.0,1.0,0.0,0.0,0.0,0.0,0.0,1.0,0.0,0.0
0.0,0.8285638929183701,0.5,0.0,0.9450336066644996,0.3333333333333333,0.0,0.0,0.0,0.0,1.0,0.0,0.0,0.0,0.0,0.0,1.0,0.0,1.0,0.0
1.0,0.23513121455888172,0.5,0.0,0.6504000639580955,0.3333333333333333,0.0,0.0,1.0,1.0,0.0,0.0,0.0,1.0,0.0,0.0,0.0,0.0,0.0,1.0
1.0,0.3538177502307794,0.0,0.0,0.5225895053303922,0.0,1.0,1.0,1.0,1.0,0.0,0.0,0.0,1.0,0.0,0.0,0.0,0.0,0.0,1.0
1.0,0.010945536067519452,0.5,0.3333333333333333,0.671338772991332,0.6666666666666666,0.0,0.0,0.0,0.0,0.0,1.0,0.0,0.0,0.0,1.0,0.0,0.0,1.0,0.0
0.0,0.47250428590267707,0.0,0.0,0.8524181571837774,0.0,1.0,0.0,0.0,1.0,0.0,0.0,0.0,1.0,0.0,0.0,1.0,0.0,0.0,1.0
0.5,0.38019253593564556,0.5,0.0,0.7315895681205158,0.3333333333333333,0.0,0.0,1.0,0.0,1.0,0.0,0.0,0.0,0.0,0.0,0.0,0.0,1.0,0.0
0.5,0.15600685744428328,0.0,0.0,0.6629223663445244,0.0,1.0,0.0,1.0,0.0,0.0,1.0,0.0,0.0,0.0,0.0,0.0,0.0,1.0,0.0
1.0,0.3538177502307794,0.5,0.0,0.5533195029640359,0.3333333333333333,0.0,1.0,1.0,1.0,0.0,0.0,0.0,1.0,0.0,0.0,0.0,1.0,0.0,0.0
0.0,0.459316893050244,0.5,0.0,0.8253340882259095,0.3333333333333333,0.0,0.0,0.0,0.0,1.0,0.0,0.0,0.0,0.0,0.0,1.0,0.0,0.0,1.0
1.0,0.36700514308321247,0.0,0.0,0.5423564570423155,0.0,1.0,0.0,1.0,1.0,0.0,0.0,0.0,1.0,0.0,0.0,0.0,0.0,1.0,0.0
1.0,0.3538177502307794,0.0,0.0,0.5533195029640359,0.0,1.0,1.0,1.0,1.0,0.0,0.0,0.0,1.0,0.0,0.0,0.0,1.0,0.0,0.0
1.0,0.22194382170644866,0.0,0.3333333333333333,0.6660928261092621,0.3333333333333333,0.0,0.0,1.0,0.0,0.0,1.0,0.0,0.0,0.0,0.0,0.0,0.0,1.0,0.0
1.0,0.287880785968614,0.0,0.0,0.5542834141015388,0.0,1.0,0.0,1.0,1.0,0.0,0.0,0.0,1.0,0.0,0.0,0.0,0.0,1.0,0.0
1.0,0.3538177502307794,1.0,0.0,0.7169385107646595,0.6666666666666666,0.0,1.0,1.0,0.0,0.0,1.0,0.0,0.0,0.0,0.0,0.0,1.0,0.0,0.0
0.5,0.5516286430172755,0.0,0.0,0.6346356232964052,0.0,1.0,0.0,1.0,1.0,0.0,0.0,0.0,1.0,0.0,0.0,0.0,0.0,1.0,0.0
1.0,0.31425557167348017,0.0,0.0,0.5595187239971872,0.0,1.0,0.0,1.0,1.0,0.0,0.0,0.0,1.0,0.0,0.0,0.0,0.0,1.0,0.0
1.0,0.41975471449294477,0.0,0.0,0.5595187239971872,0.0,1.0,0.0,1.0,1.0,0.0,0.0,0.0,1.0,0.0,0.0,0.0,0.0,1.0,0.0
0.0,0.6966899643940393,0.0,0.0,0.743336953885785,0.0,1.0,0.0,0.0,0.0,0.0,0.0,1.0,1.0,0.0,0.0,1.0,0.0,0.0,1.0
1.0,0.3538177502307794,0.0,0.6666666666666666,0.728902215213139,1.0,0.0,1.0,1.0,0.0,1.0,0.0,0.0,0.0,0.0,0.0,0.0,0.0,1.0,0.0
1.0,0.3538177502307794,0.5,0.0,0.5225895053303922,0.3333333333333333,0.0,1.0,1.0,1.0,0.0,0.0,0.0,1.0,0.0,0.0,0.0,0.0,0.0,1.0
1.0,0.5648160358697086,0.0,0.0,0.5563658227917077,0.0,1.0,0.0,1.0,1.0,0.0,0.0,0.0,1.0,0.0,0.0,0.0,0.0,1.0,0.0
1.0,0.31425557167348017,0.0,0.0,0.5555032068973483,0.0,1.0,0.0,1.0,1.0,0.0,0.0,0.0,1.0,0.0,0.0,0.0,0.0,1.0,0.0
1.0,0.34722405380456284,0.0,0.0,0.5417860345019674,0.0,1.0,0.0,1.0,1.0,0.0,0.0,0.0,1.0,0.0,0.0,0.0,0.0,0.0,1.0
0.5,0.34063035737834635,0.0,0.0,0.6346356232964052,0.0,1.0,0.0,1.0,1.0,0.0,0.0,0.0,1.0,0.0,0.0,0.0,0.0,1.0,0.0
1.0,0.3010681788210471,0.0,0.0,0.5595187239971872,0.0,1.0,0.0,1.0,0.0,0.0,1.0,0.0,0.0,0.0,0.0,0.0,0.0,1.0,0.0
1.0,0.5252538573124094,0.5,0.6666666666666666,0.8026753721094375,1.0,0.0,0.0,1.0,1.0,0.0,0.0,0.0,1.0,0.0,0.0,0.0,0.0,1.0,0.0
1.0,0.12963207173941713,1.0,1.0,0.8026753721094375,1.0,0.0,0.0,1.0,0.0,0.0,1.0,0.0,0.0,0.0,0.0,0.0,0.0,1.0,0.0
0.0,0.43294210734537786,0.0,0.0,0.9154815949667561,0.0,1.0,0.0,1.0,0.0,0.0,1.0,0.0,0.0,0.0,0.0,0.0,0.0,1.0,0.0
0.0,0.8021891072135039,0.5,0.6666666666666666,0.9571210147312349,1.0,0.0,0.0,0.0,1.0,0.0,0.0,0.0,1.0,1.0,0.0,0.0,0.0,0.0,1.0
0.5,0.36700514308321247,0.0,0.0,0.7315895681205158,0.0,1.0,0.0,1.0,1.0,0.0,0.0,0.0,1.0,0.0,0.0,0.0,0.0,1.0,0.0
0.0,0.5516286430172755,0.0,0.0,0.7342906634447267,0.0,1.0,0.0,1.0,1.0,0.0,0.0,0.0,1.0,0.0,0.0,0.0,0.0,1.0,0.0
1.0,0.4065673216405117,1.0,0.0,0.6819606098978492,1.0,0.0,0.0,1.0,1.0,0.0,0.0,0.0,1.0,0.0,0.0,0.0,0.0,1.0,0.0
0.0,0.3538177502307794,0.0,0.0,0.813778783773705,0.0,1.0,1.0,0.0,1.0,0.0,0.0,0.0,1.0,0.0,1.0,0.0,0.0,1.0,0.0
1.0,0.287880785968614,0.0,0.0,0.5595187239971872,0.0,1.0,0.0,1.0,1.0,0.0,0.0,0.0,1.0,0.0,0.0,0.0,0.0,1.0,0.0
0.0,0.3538177502307794,0.0,0.0,0.7342906634447267,0.0,1.0,1.0,1.0,1.0,0.0,0.0,0.0,1.0,0.0,0.0,0.0,0.0,1.0,0.0
0.5,0.3933799287880786,0.5,0.3333333333333333,0.7315895681205158,0.6666666666666666,0.0,0.0,1.0,0.0,0.0,0.0,1.0,1.0,0.0,0.0,0.0,0.0,1.0,0.0
0.0,0.3010681788210471,0.0,0.3333333333333333,0.8621738922212292,0.3333333333333333,0.0,0.0,0.0,0.0,1.0,0.0,0.0,0.0,0.0,0.0,1.0,0.0,0.0,1.0
1.0,0.3538177502307794,0.0,0.0,0.5563658227917077,0.0,1.0,1.0,1.0,1.0,0.0,0.0,0.0,1.0,0.0,0.0,0.0,0.0,0.0,1.0
1.0,0.7955954107872873,0.0,0.0,0.6504000639580955,0.0,1.0,0.0,1.0,1.0,0.0,0.0,0.0,1.0,0.0,0.0,0.0,0.0,1.0,0.0
1.0,0.47250428590267707,0.0,1.0,0.6248295320514167,0.6666666666666666,0.0,0.0,1.0,0.0,1.0,0.0,0.0,0.0,0.0,0.0,0.0,0.0,1.0,0.0
1.0,0.16919425029671636,1.0,1.0,0.7554101667594658,1.0,0.0,0.0,1.0,0.0,0.0,0.0,1.0,1.0,0.0,0.0,0.0,0.0,1.0,0.0
1.0,0.31425557167348017,0.0,0.0,0.5490331374420576,0.0,1.0,0.0,1.0,1.0,0.0,0.0,0.0,1.0,0.0,0.0,0.0,0.0,1.0,0.0
0.0,0.38019253593564556,0.0,0.0,0.9450336066644996,0.0,1.0,0.0,0.0,0.0,0.0,1.0,0.0,0.0,0.0,0.0,1.0,0.0,1.0,0.0
1.0,0.3010681788210471,0.0,0.0,0.5555032068973483,0.0,1.0,0.0,1.0,0.0,0.0,1.0,0.0,0.0,0.0,0.0,0.0,0.0,1.0,0.0
0.0,0.5516286430172755,0.0,0.0,0.7342906634447267,0.0,1.0,0.0,0.0,1.0,0.0,0.0,0.0,1.0,0.0,1.0,0.0,0.0,1.0,0.0
1.0,0.34063035737834635,0.0,1.0,0.6432851321806453,0.6666666666666666,0.0,0.0,1.0,0.0,1.0,0.0,0.0,0.0,0.0,0.0,0.0,0.0,1.0,0.0
1.0,0.3538177502307794,0.0,0.0,0.5529664214106054,0.0,1.0,1.0,1.0,0.0,0.0,1.0,0.0,0.0,0.0,0.0,0.0,1.0,0.0,0.0
1.0,0.0900698931821179,0.5,0.3333333333333333,0.6582025536003463,0.6666666666666666,0.0,0.0,1.0,0.0,0.0,0.0,1.0,1.0,0.0,0.0,0.0,0.0,0.0,1.0
0.5,0.34063035737834635,0.0,0.0,0.6402839749775167,0.0,1.0,0.0,1.0,0.0,0.0,1.0,0.0,0.0,0.0,0.0,0.0,0.0,1.0,0.0
1.0,0.3538177502307794,0.0,0.0,0.5365500390940664,0.0,1.0,1.0,1.0,1.0,0.0,0.0,0.0,1.0,0.0,0.0,0.0,0.0,1.0,0.0
0.5,0.5384412501648425,0.0,0.0,0.6346356232964052,0.0,1.0,0.0,1.0,0.0,0.0,0.0,1.0,1.0,0.0,0.0,0.0,0.0,1.0,0.0
1.0,0.34063035737834635,0.5,0.3333333333333333,0.7097076974233568,0.6666666666666666,0.0,0.0,1.0,0.0,1.0,0.0,0.0,0.0,0.0,0.0,0.0,0.0,1.0,0.0
0.0,0.630753000131874,0.0,0.0,0.8108585765253378,0.0,1.0,0.0,0.0,1.0,0.0,0.0,0.0,1.0,1.0,0.0,0.0,0.0,0.0,1.0
1.0,0.23513121455888172,1.0,1.0,0.7665281988776573,1.0,0.0,0.0,1.0,1.0,0.0,0.0,0.0,1.0,0.0,0.0,0.0,0.0,1.0,0.0
0.0,0.3538177502307794,0.0,0.0,0.7398168452585685,0.0,1.0,1.0,1.0,0.0,1.0,0.0,0.0,0.0,0.0,0.0,0.0,0.0,0.0,1.0
1.0,0.287880785968614,0.0,0.0,0.5768631536237934,0.0,1.0,0.0,1.0,0.0,0.0,1.0,0.0,0.0,0.0,0.0,0.0,0.0,1.0,0.0
1.0,0.3538177502307794,0.0,0.0,0.5490331374420576,0.0,1.0,1.0,1.0,1.0,0.0,0.0,0.0,1.0,0.0,0.0,0.0,0.0,1.0,0.0
1.0,0.3538177502307794,0.0,0.0,0.5417860345019674,0.0,1.0,0.0,1.0,1.0,0.0,0.0,0.0,1.0,0.0,0.0,0.0,0.0,0.0,1.0
1.0,0.3010681788210471,0.5,0.0,0.6446257024068703,0.3333333333333333,0.0,0.0,1.0,1.0,0.0,0.0,0.0,1.0,0.0,0.0,0.0,0.0,1.0,0.0
1.0,0.3538177502307794,0.0,0.0,0.5418820208313929,0.0,1.0,1.0,1.0,1.0,0.0,0.0,0.0,1.0,0.0,0.0,0.0,0.0,0.0,1.0
1.0,0.5252538573124094,0.5,0.6666666666666666,0.7554101667594658,1.0,0.0,0.0,1.0,1.0,0.0,0.0,0.0,1.0,0.0,0.0,0.0,0.0,1.0,0.0
0.5,0.19556903600158249,0.0,1.0,0.781556069397504,0.6666666666666666,0.0,0.0,1.0,0.0,0.0,1.0,0.0,0.0,0.0,0.0,0.0,0.0,1.0,0.0
0.5,0.2615060002637479,0.0,0.0,0.7745405339675516,0.0,1.0,0.0,1.0,0.0,0.0,1.0,0.0,0.0,0.0,0.0,0.0,0.0,1.0,0.0
0.0,0.7098773572464724,0.5,0.0,0.8209884864309218,0.3333333333333333,0.0,0.0,0.0,1.0,0.0,0.0,0.0,1.0,0.0,0.0,1.0,0.0,0.0,1.0
0.5,0.47250428590267707,0.0,0.6666666666666666,0.781556069397504,1.0,0.0,0.0,0.0,0.0,1.0,0.0,0.0,0.0,0.0,1.0,0.0,0.0,1.0,0.0
0.0,0.8417512857708032,0.0,1.0,0.8621738922212292,0.6666666666666666,0.0,0.0,0.0,0.0,1.0,0.0,0.0,0.0,0.0,1.0,0.0,0.0,0.0,1.0
0.5,0.3933799287880786,0.0,0.0,0.6346356232964052,0.0,1.0,0.0,1.0,1.0,0.0,0.0,0.0,1.0,0.0,0.0,0.0,0.0,1.0,0.0
0.0,0.48569167875511016,0.5,0.3333333333333333,0.8621738922212292,0.6666666666666666,0.0,0.0,0.0,1.0,0.0,0.0,0.0,1.0,0.0,1.0,0.0,0.0,0.0,1.0
0.0,0.23513121455888172,0.5,0.0,0.8163405776367851,0.3333333333333333,0.0,0.0,0.0,0.0,1.0,0.0,0.0,0.0,0.0,1.0,0.0,0.0,1.0,0.0
1.0,0.3538177502307794,0.0,0.0,0.5533195029640359,0.0,1.0,1.0,1.0,1.0,0.0,0.0,0.0,1.0,0.0,0.0,0.0,1.0,0.0,0.0
0.0,0.3538177502307794,0.5,0.3333333333333333,0.9529938775287089,0.6666666666666666,0.0,0.0,0.0,0.0,1.0,0.0,0.0,0.0,1.0,0.0,0.0,0.0,0.0,1.0
0.5,0.5252538573124094,0.0,0.0,0.6651955349445989,0.0,1.0,0.0,1.0,1.0,0.0,0.0,0.0,1.0,0.0,0.0,0.0,0.0,1.0,0.0
0.5,0.27469339311618096,0.0,0.3333333333333333,0.703267298778774,0.3333333333333333,0.0,0.0,1.0,0.0,0.0,1.0,0.0,0.0,0.0,0.0,0.0,0.0,1.0,0.0
1.0,0.22194382170644866,1.0,0.0,0.5595187239971872,0.6666666666666666,0.0,0.0,1.0,1.0,0.0,0.0,0.0,1.0,0.0,0.0,0.0,0.0,1.0,0.0
1.0,0.3538177502307794,1.0,1.0,0.8445628545744761,1.0,0.0,1.0,1.0,0.0,0.0,1.0,0.0,0.0,0.0,0.0,0.0,0.0,1.0,0.0
0.5,0.5252538573124094,0.0,0.0,0.6346356232964052,0.0,1.0,0.0,1.0,1.0,0.0,0.0,0.0,1.0,0.0,0.0,0.0,0.0,1.0,0.0
0.5,0.44612950019781095,0.5,0.0,0.7315895681205158,0.3333333333333333,0.0,0.0,1.0,1.0,0.0,0.0,0.0,1.0,0.0,0.0,0.0,0.0,1.0,0.0
0.0,0.3538177502307794,0.0,0.0,0.7315895681205158,0.0,1.0,1.0,1.0,1.0,0.0,0.0,0.0,1.0,0.0,0.0,0.0,0.0,1.0,0.0
1.0,0.14941316101806673,0.5,0.3333333333333333,0.6508653569632855,0.6666666666666666,0.0,0.0,1.0,0.0,0.0,0.0,1.0,1.0,0.0,0.0,0.0,0.0,1.0,0.0
0.5,0.8021891072135039,0.0,0.0,0.6268933481134263,0.0,1.0,0.0,1.0,1.0,0.0,0.0,0.0,1.0,0.0,0.0,0.0,1.0,0.0,0.0
0.5,0.10325728603455098,0.0,1.0,0.7596986399462523,0.6666666666666666,0.0,0.0,1.0,0.0,0.0,0.0,1.0,1.0,0.0,0.0,0.0,0.0,1.0,0.0
1.0,0.43294210734537786,0.0,0.0,0.5555032068973483,0.0,1.0,0.0,1.0,1.0,0.0,0.0,0.0,1.0,0.0,0.0,0.0,0.0,1.0,0.0
0.0,0.07688250032968483,0.0,1.0,0.905562720402627,0.6666666666666666,0.0,0.0,0.0,0.0,0.0,0.0,1.0,1.0,0.0,1.0,0.0,0.0,0.0,1.0
1.0,0.23513121455888172,0.0,0.0,0.5538464554174182,0.0,1.0,0.0,1.0,0.0,0.0,1.0,0.0,0.0,0.0,0.0,0.0,0.0,1.0,0.0
0.5,0.3010681788210471,0.0,0.0,0.6019131387796799,0.0,1.0,0.0,1.0,1.0,0.0,0.0,0.0,1.0,0.0,0.0,0.0,0.0,1.0,0.0
1.0,0.3538177502307794,0.0,0.0,0.5607770843831421,0.0,1.0,1.0,1.0,0.0,1.0,0.0,0.0,0.0,0.0,0.0,0.0,0.0,1.0,0.0
1.0,0.3538177502307794,0.0,0.0,0.6606052474455892,0.0,1.0,1.0,1.0,0.0,0.0,1.0,0.0,0.0,0.0,0.0,0.0,1.0,0.0,0.0
1.0,0.002109982856389292,0.0,1.0,0.6498471424802473,0.6666666666666666,0.0,0.0,1.0,0.0,0.0,0.0,1.0,1.0,0.0,0.0,0.0,0.0,1.0,0.0
0.0,0.6175656072794409,0.5,0.0,0.9469094628820103,0.3333333333333333,0.0,0.0,0.0,0.0,0.0,0.0,1.0,1.0,0.0,0.0,1.0,0.0,0.0,1.0
0.5,0.10325728603455098,0.5,0.3333333333333333,0.7315895681205158,0.6666666666666666,0.0,0.0,1.0,0.0,0.0,1.0,0.0,0.0,0.0,0.0,0.0,0.0,1.0,0.0
0.5,0.32744296452591326,0.0,0.0,0.6019131387796799,0.0,1.0,0.0,1.0,1.0,0.0,0.0,0.0,1.0,0.0,0.0,0.0,0.0,1.0,0.0
0.0,0.3538177502307794,0.0,0.0,0.7302965551972281,0.0,1.0,1.0,1.0,1.0,0.0,0.0,0.0,1.0,0.0,0.0,0.0,0.0,0.0,1.0
1.0,0.459316893050244,0.0,0.0,0.5533195029640359,0.0,1.0,0.0,1.0,0.0,0.0,1.0,0.0,0.0,0.0,0.0,0.0,1.0,0.0,0.0
0.5,0.31425557167348017,0.0,0.0,0.6019131387796799,0.0,1.0,0.0,1.0,1.0,0.0,0.0,0.0,1.0,0.0,0.0,0.0,0.0,1.0,0.0
0.0,0.43294210734537786,0.0,0.0,0.7398168452585685,0.0,1.0,0.0,0.0,0.0,0.0,1.0,0.0,0.0,0.0,1.0,0.0,0.0,0.0,1.0
1.0,0.32744296452591326,0.0,0.0,0.5563658227917077,0.0,1.0,0.0,1.0,1.0,0.0,0.0,0.0,1.0,0.0,0.0,0.0,0.0,1.0,0.0
1.0,0.41975471449294477,0.0,0.0,0.7127173348611054,0.0,1.0,0.0,1.0,1.0,0.0,0.0,0.0,1.0,0.0,0.0,0.0,0.0,1.0,0.0
1.0,0.3538177502307794,0.0,0.0,0.5377297900819042,0.0,1.0,1.0,1.0,1.0,0.0,0.0,0.0,1.0,0.0,0.0,0.0,0.0,1.0,0.0
0.5,0.22194382170644866,0.0,0.0,0.8500964436640062,0.0,1.0,0.0,1.0,1.0,0.0,0.0,0.0,1.0,0.0,0.0,0.0,0.0,1.0,0.0
0.5,0.7890017143610708,0.5,0.0,0.7315895681205158,0.3333333333333333,0.0,0.0,1.0,0.0,1.0,0.0,0.0,0.0,0.0,0.0,0.0,0.0,1.0,0.0
1.0,0.4988790716075432,1.0,1.0,0.5538464554174182,1.0,0.0,0.0,1.0,0.0,0.0,1.0,0.0,0.0,0.0,0.0,0.0,0.0,1.0,0.0
0.0,0.5516286430172755,0.0,0.0,0.7915190109485073,0.0,1.0,0.0,0.0,1.0,0.0,0.0,0.0,1.0,1.0,0.0,0.0,0.0,1.0,0.0
1.0,0.3538177502307794,0.0,0.0,0.5560222276446174,0.0,1.0,1.0,1.0,0.0,0.0,1.0,0.0,0.0,0.0,0.0,0.0,1.0,0.0,0.0
0.0,0.7494395358037717,0.5,0.3333333333333333,0.9222879888456549,0.6666666666666666,0.0,0.0,1.0,1.0,0.0,0.0,0.0,1.0,0.0,0.0,0.0,0.0,1.0,0.0
0.0,0.6571277858367401,0.5,0.3333333333333333,0.9415177058296278,0.6666666666666666,0.0,0.0,0.0,0.0,1.0,0.0,0.0,0.0,0.0,0.0,1.0,0.0,0.0,1.0
1.0,0.3538177502307794,0.0,0.0,0.5595187239971872,0.0,1.0,1.0,1.0,1.0,0.0,0.0,0.0,1.0,0.0,0.0,0.0,0.0,1.0,0.0
0.5,0.3933799287880786,0.5,0.0,0.6441800970512948,0.3333333333333333,0.0,0.0,1.0,0.0,0.0,1.0,0.0,0.0,0.0,0.0,0.0,0.0,0.0,1.0
1.0,0.27469339311618096,0.0,0.0,0.5595187239971872,0.0,1.0,0.0,1.0,1.0,0.0,0.0,0.0,1.0,0.0,0.0,0.0,0.0,1.0,0.0
0.5,0.287880785968614,0.0,0.0,0.6019131387796799,0.0,1.0,0.0,0.0,0.0,1.0,0.0,0.0,0.0,0.0,1.0,0.0,0.0,1.0,0.0
1.0,0.27469339311618096,0.0,0.0,0.5542834141015388,0.0,1.0,0.0,1.0,1.0,0.0,0.0,0.0,1.0,0.0,0.0,0.0,0.0,1.0,0.0
0.0,0.6966899643940393,0.0,0.0,0.7385451352902586,0.0,1.0,0.0,1.0,0.0,1.0,0.0,0.0,0.0,0.0,0.0,0.0,0.0,0.0,1.0
1.0,0.3538177502307794,0.0,1.0,0.6582025536003463,0.6666666666666666,0.0,1.0,1.0,0.0,1.0,0.0,0.0,0.0,0.0,0.0,0.0,0.0,0.0,1.0
1.0,0.3010681788210471,0.0,0.0,0.5542834141015388,0.0,1.0,0.0,1.0,1.0,0.0,0.0,0.0,1.0,0.0,0.0,0.0,0.0,1.0,0.0
1.0,0.3538177502307794,0.0,0.0,0.5533195029640359,0.0,1.0,1.0,1.0,0.0,0.0,1.0,0.0,0.0,0.0,0.0,0.0,1.0,0.0,0.0
1.0,0.5318475537386259,0.0,0.0,0.6568025794465557,0.0,1.0,0.0,1.0,1.0,0.0,0.0,0.0,1.0,0.0,0.0,0.0,0.0,1.0,0.0
0.5,0.47250428590267707,0.0,0.0,0.6346356232964052,0.0,1.0,0.0,1.0,1.0,0.0,0.0,0.0,1.0,0.0,0.0,0.0,0.0,1.0,0.0
0.5,0.18238164314914942,0.0,0.0,0.837674009427959,0.0,1.0,0.0,1.0,1.0,0.0,0.0,0.0,1.0,0.0,0.0,0.0,0.0,1.0,0.0
0.0,0.27469339311618096,0.0,0.0,0.7342906634447267,0.0,1.0,0.0,1.0,0.0,0.0,1.0,0.0,0.0,0.0,0.0,0.0,0.0,1.0,0.0
1.0,0.27469339311618096,0.5,0.0,0.5240984435350013,0.3333333333333333,0.0,0.0,1.0,1.0,0.0,0.0,0.0,1.0,0.0,0.0,0.0,0.0,1.0,0.0
1.0,0.3538177502307794,0.0,0.0,0.5560222276446174,0.0,1.0,1.0,1.0,1.0,0.0,0.0,0.0,1.0,0.0,0.0,0.0,1.0,0.0,0.0
0.0,0.5120664644599763,0.5,0.0,0.8470387841074131,0.3333333333333333,0.0,0.0,0.0,1.0,0.0,0.0,0.0,1.0,0.0,0.0,1.0,0.0,0.0,1.0
1.0,0.2615060002637479,0.0,0.0,0.5555032068973483,0.0,1.0,0.0,1.0,1.0,0.0,0.0,0.0,1.0,0.0,0.0,0.0,0.0,1.0,0.0
0.0,0.8417512857708032,0.5,0.0,0.8524290578700984,0.3333333333333333,0.0,0.0,0.0,1.0,0.0,0.0,0.0,1.0,0.0,1.0,0.0,0.0,0.0,1.0
1.0,0.2615060002637479,0.0,0.0,0.5417860345019674,0.0,1.0,0.0,1.0,1.0,0.0,0.0,0.0,1.0,0.0,0.0,0.0,0.0,0.0,1.0
0.5,0.23513121455888172,0.5,0.3333333333333333,0.6346356232964052,0.6666666666666666,0.0,0.0,1.0,0.0,0.0,1.0,0.0,0.0,0.0,0.0,0.0,0.0,1.0,0.0
0.0,0.630753000131874,0.5,0.0,0.8851408016455897,0.3333333333333333,0.0,0.0,0.0,0.0,1.0,0.0,0.0,0.0,0.0,0.0,1.0,0.0,0.0,1.0
0.0,0.7230647500989055,0.0,0.0,0.7398168452585685,0.0,1.0,0.0,1.0,0.0,1.0,0.0,0.0,0.0,0.0,0.0,0.0,0.0,0.0,1.0
0.5,0.5911908215745747,0.0,1.0,0.7497889567703515,0.6666666666666666,0.0,0.0,1.0,0.0,1.0,0.0,0.0,0.0,0.0,0.0,0.0,0.0,1.0,0.0
0.0,0.5911908215745747,0.5,0.3333333333333333,0.905562720402627,0.6666666666666666,0.0,0.0,0.0,1.0,0.0,0.0,0.0,1.0,0.0,1.0,0.0,0.0,0.0,1.0
1.0,0.3538177502307794,0.0,0.0,0.5561941281380032,0.0,1.0,1.0,1.0,1.0,0.0,0.0,0.0,1.0,0.0,0.0,0.0,0.0,1.0,0.0
1.0,0.3538177502307794,0.5,1.0,0.7180745552696058,1.0,0.0,1.0,1.0,0.0,0.0,0.0,1.0,1.0,0.0,0.0,0.0,0.0,1.0,0.0
0.0,0.5384412501648425,0.5,0.0,0.813778783773705,0.3333333333333333,0.0,0.0,0.0,1.0,0.0,0.0,0.0,1.0,0.0,1.0,0.0,0.0,1.0,0.0
0.5,0.287880785968614,0.0,0.0,0.703267298778774,0.0,1.0,0.0,1.0,0.0,1.0,0.0,0.0,0.0,0.0,0.0,0.0,0.0,1.0,0.0
0.5,0.5516286430172755,0.5,0.3333333333333333,0.7596986399462523,0.6666666666666666,0.0,0.0,1.0,1.0,0.0,0.0,0.0,1.0,0.0,0.0,0.0,0.0,1.0,0.0
0.5,0.38019253593564556,0.5,0.0,0.7315895681205158,0.3333333333333333,0.0,0.0,1.0,0.0,1.0,0.0,0.0,0.0,0.0,0.0,0.0,0.0,1.0,0.0
1.0,0.3538177502307794,0.5,0.0,0.6504000639580955,0.3333333333333333,0.0,1.0,1.0,0.0,1.0,0.0,0.0,0.0,0.0,0.0,0.0,0.0,0.0,1.0
0.5,0.009890544639324808,0.5,1.0,0.7399509599364453,1.0,0.0,0.0,1.0,0.0,0.0,1.0,0.0,0.0,0.0,0.0,0.0,0.0,1.0,0.0
1.0,0.2615060002637479,0.0,0.0,0.5569682274872302,0.0,1.0,0.0,1.0,1.0,0.0,0.0,0.0,1.0,0.0,0.0,0.0,0.0,1.0,0.0
0.0,0.3538177502307794,0.5,0.0,0.9069789099661725,0.3333333333333333,0.0,0.0,0.0,1.0,0.0,0.0,0.0,1.0,0.0,0.0,1.0,0.0,0.0,1.0
1.0,0.31425557167348017,0.0,0.0,0.583196718174985,0.0,1.0,0.0,1.0,1.0,0.0,0.0,0.0,1.0,0.0,0.0,0.0,0.0,1.0,0.0
1.0,0.4263484109191613,0.0,0.0,0.5861530664374384,0.0,1.0,0.0,1.0,1.0,0.0,0.0,0.0,1.0,0.0,0.0,0.0,0.0,1.0,0.0
1.0,0.3538177502307794,0.0,0.0,0.5490331374420576,0.0,1.0,1.0,1.0,1.0,0.0,0.0,0.0,1.0,0.0,0.0,0.0,0.0,1.0,0.0
1.0,0.3538177502307794,0.0,0.0,0.5533195029640359,0.0,1.0,1.0,1.0,1.0,0.0,0.0,0.0,1.0,0.0,0.0,0.0,1.0,0.0,0.0
1.0,0.36700514308321247,0.0,0.0,0.5595187239971872,0.0,1.0,0.0,1.0,1.0,0.0,0.0,0.0,1.0,0.0,0.0,0.0,0.0,1.0,0.0
0.5,0.24831860741131478,0.0,0.0,0.6346356232964052,0.0,1.0,0.0,1.0,0.0,0.0,1.0,0.0,0.0,0.0,0.0,0.0,0.0,1.0,0.0
1.0,0.27469339311618096,0.0,0.0,0.5538464554174182,0.0,1.0,0.0,1.0,1.0,0.0,0.0,0.0,1.0,0.0,0.0,0.0,0.0,1.0,0.0
1.0,0.4790979823288936,0.5,0.0,0.6771779604987146,0.3333333333333333,0.0,0.0,1.0,1.0,0.0,0.0,0.0,1.0,0.0,0.0,0.0,0.0,1.0,0.0
1.0,0.27469339311618096,0.0,0.0,0.5555032068973483,0.0,1.0,0.0,1.0,1.0,0.0,0.0,0.0,1.0,0.0,0.0,0.0,0.0,1.0,0.0
0.5,0.38019253593564556,0.0,1.0,0.7155014341677692,0.6666666666666666,0.0,0.0,1.0,0.0,1.0,0.0,0.0,0.0,0.0,0.0,0.0,0.0,1.0,0.0
1.0,0.010945536067519452,0.5,0.3333333333333333,0.6248295320514167,0.6666666666666666,0.0,0.0,1.0,0.0,0.0,1.0,0.0,0.0,0.0,0.0,0.0,0.0,1.0,0.0
0.5,0.3933799287880786,0.0,0.0,0.6315655772224322,0.0,1.0,0.0,1.0,1.0,0.0,0.0,0.0,1.0,0.0,0.0,0.0,0.0,0.0,1.0
1.0,0.3538177502307794,0.0,0.0,0.5563658227917077,0.0,1.0,1.0,1.0,1.0,0.0,0.0,0.0,1.0,0.0,0.0,0.0,0.0,1.0,0.0
0.0,0.3538177502307794,0.0,0.0,0.0,0.0,1.0,1.0,1.0,1.0,0.0,0.0,0.0,1.0,0.0,0.0,0.0,0.0,1.0,0.0
1.0,0.3538177502307794,0.0,0.0,0.5490331374420576,0.0,1.0,1.0,1.0,1.0,0.0,0.0,0.0,1.0,0.0,0.0,0.0,0.0,1.0,0.0
1.0,0.3538177502307794,0.0,0.0,0.5595187239971872,0.0,1.0,1.0,1.0,0.0,0.0,1.0,0.0,0.0,0.0,0.0,0.0,0.0,1.0,0.0
1.0,0.22194382170644866,0.0,0.0,0.571393722679485,0.0,1.0,0.0,1.0,1.0,0.0,0.0,0.0,1.0,0.0,0.0,0.0,0.0,1.0,0.0
0.0,0.6043782144270078,0.0,0.0,0.8524181571837774,0.0,1.0,0.0,0.0,1.0,0.0,0.0,0.0,1.0,0.0,0.0,1.0,0.0,0.0,1.0
1.0,0.3538177502307794,0.0,0.0,0.5533195029640359,0.0,1.0,1.0,1.0,1.0,0.0,0.0,0.0,1.0,0.0,0.0,0.0,1.0,0.0,0.0
0.0,0.34063035737834635,0.5,0.0,0.9069789099661725,0.3333333333333333,0.0,0.0,0.0,0.0,1.0,0.0,0.0,0.0,0.0,0.0,1.0,0.0,0.0,1.0
1.0,0.3538177502307794,0.5,0.0,0.6606052474455892,0.3333333333333333,0.0,1.0,1.0,0.0,0.0,1.0,0.0,0.0,0.0,0.0,0.0,1.0,0.0,0.0
1.0,0.3538177502307794,0.0,0.0,0.5417860345019674,0.0,1.0,1.0,1.0,1.0,0.0,0.0,0.0,1.0,0.0,0.0,0.0,0.0,0.0,1.0
0.5,0.2615060002637479,0.5,0.0,0.7315895681205158,0.3333333333333333,0.0,0.0,1.0,0.0,0.0,1.0,0.0,0.0,0.0,0.0,0.0,0.0,1.0,0.0
0.5,0.36700514308321247,0.0,0.0,0.6019131387796799,0.0,1.0,0.0,1.0,1.0,0.0,0.0,0.0,1.0,0.0,0.0,0.0,0.0,1.0,0.0
0.5,0.5252538573124094,0.5,0.0,0.7315895681205158,0.3333333333333333,0.0,0.0,1.0,1.0,0.0,0.0,0.0,1.0,0.0,0.0,0.0,0.0,1.0,0.0
0.5,0.3933799287880786,0.5,0.0,0.703267298778774,0.3333333333333333,0.0,0.0,1.0,1.0,0.0,0.0,0.0,1.0,0.0,0.0,0.0,0.0,1.0,0.0
0.5,0.287880785968614,0.0,0.0,0.6019131387796799,0.0,1.0,0.0,1.0,1.0,0.0,0.0,0.0,1.0,0.0,0.0,0.0,0.0,1.0,0.0
1.0,0.3010681788210471,0.0,0.0,0.571393722679485,0.0,1.0,0.0,1.0,0.0,0.0,1.0,0.0,0.0,0.0,0.0,0.0,0.0,1.0,0.0
1.0,0.007648687854411184,0.5,0.3333333333333333,0.6432851321806453,0.6666666666666666,0.0,0.0,1.0,0.0,0.0,0.0,1.0,1.0,0.0,0.0,0.0,0.0,1.0,0.0
1.0,0.3538177502307794,0.0,0.0,0.5533195029640359,0.0,1.0,1.0,1.0,0.0,0.0,1.0,0.0,0.0,0.0,0.0,0.0,1.0,0.0,0.0
1.0,0.11644467888698405,0.5,0.3333333333333333,0.6582025536003463,0.6666666666666666,0.0,0.0,1.0,0.0,0.0,1.0,0.0,0.0,0.0,0.0,0.0,0.0,0.0,1.0
1.0,0.024132928919952525,0.5,0.3333333333333333,0.6980518275763669,0.6666666666666666,0.0,0.0,1.0,0.0,0.0,1.0,0.0,0.0,0.0,0.0,0.0,0.0,1.0,0.0
1.0,0.47250428590267707,0.0,0.0,0.5423564570423155,0.0,1.0,0.0,1.0,1.0,0.0,0.0,0.0,1.0,0.0,0.0,0.0,0.0,1.0,0.0
1.0,0.3538177502307794,0.0,0.0,0.5423564570423155,0.0,1.0,1.0,1.0,1.0,0.0,0.0,0.0,1.0,0.0,0.0,0.0,0.0,1.0,0.0
0.0,0.31425557167348017,0.5,0.0,0.861135176222168,0.3333333333333333,0.0,0.0,0.0,1.0,0.0,0.0,0.0,1.0,1.0,0.0,0.0,0.0,1.0,0.0
1.0,0.3538177502307794,0.0,0.0,0.5418820208313929,0.0,1.0,1.0,0.0,1.0,0.0,0.0,0.0,1.0,0.0,1.0,0.0,0.0,0.0,1.0
1.0,0.3538177502307794,0.0,0.0,0.5595187239971872,0.0,1.0,1.0,1.0,1.0,0.0,0.0,0.0,1.0,0.0,0.0,0.0,0.0,1.0,0.0
0.0,0.3538177502307794,0.0,0.0,0.7833417552042429,0.0,1.0,1.0,1.0,1.0,0.0,0.0,0.0,1.0,0.0,0.0,0.0,0.0,1.0,0.0
1.0,0.3933799287880786,0.0,0.0,0.5353607901331913,0.0,1.0,0.0,1.0,0.0,0.0,1.0,0.0,0.0,0.0,0.0,0.0,1.0,0.0,0.0
1.0,0.3538177502307794,0.0,0.0,0.5418820208313929,0.0,1.0,1.0,1.0,1.0,0.0,0.0,0.0,1.0,0.0,0.0,0.0,0.0,0.0,1.0
0.0,0.6966899643940393,0.5,0.3333333333333333,0.8606546124922422,0.6666666666666666,0.0,0.0,0.0,0.0,0.0,0.0,1.0,1.0,0.0,1.0,0.0,0.0,1.0,0.0
1.0,0.47250428590267707,0.0,0.0,0.5861530664374384,0.0,1.0,0.0,1.0,1.0,0.0,0.0,0.0,1.0,0.0,0.0,0.0,0.0,1.0,0.0
1.0,0.34063035737834635,0.0,0.0,0.5563658227917077,0.0,1.0,0.0,1.0,1.0,0.0,0.0,0.0,1.0,0.0,0.0,0.0,0.0,1.0,0.0
0.5,0.010945536067519452,0.5,1.0,0.7890002545605816,1.0,0.0,0.0,1.0,0.0,0.0,1.0,0.0,0.0,0.0,0.0,0.0,0.0,0.0,1.0
1.0,0.3538177502307794,1.0,0.0,0.7075767447833075,0.6666666666666666,0.0,1.0,1.0,1.0,0.0,0.0,0.0,1.0,0.0,0.0,0.0,0.0,0.0,1.0
0.0,0.3933799287880786,0.0,0.0,0.799273185228111,0.0,1.0,0.0,1.0,1.0,0.0,0.0,0.0,1.0,0.0,0.0,0.0,0.0,1.0,0.0
1.0,0.38019253593564556,0.0,0.0,0.5555032068973483,0.0,1.0,0.0,1.0,1.0,0.0,0.0,0.0,1.0,0.0,0.0,0.0,0.0,1.0,0.0
1.0,0.41975471449294477,0.0,0.0,0.5538464554174182,0.0,1.0,0.0,1.0,1.0,0.0,0.0,0.0,1.0,0.0,0.0,0.0,0.0,1.0,0.0
0.5,0.3538177502307794,0.0,0.0,0.6562779967814925,0.0,1.0,1.0,0.0,1.0,0.0,0.0,0.0,1.0,0.0,1.0,0.0,0.0,0.0,1.0
0.5,0.5648160358697086,0.0,0.3333333333333333,0.703267298778774,0.3333333333333333,0.0,0.0,1.0,1.0,0.0,0.0,0.0,1.0,0.0,0.0,0.0,0.0,1.0,0.0
1.0,0.31425557167348017,0.0,0.0,0.571393722679485,0.0,1.0,0.0,1.0,1.0,0.0,0.0,0.0,1.0,0.0,0.0,0.0,0.0,1.0,0.0
1.0,0.3538177502307794,0.0,0.0,0.5533195029640359,0.0,1.0,1.0,1.0,0.0,0.0,1.0,0.0,0.0,0.0,0.0,0.0,1.0,0.0,0.0
0.0,0.8417512857708032,0.5,0.3333333333333333,0.7342906634447267,0.6666666666666666,0.0,0.0,0.0,0.0,1.0,0.0,0.0,0.0,1.0,0.0,0.0,0.0,1.0,0.0
0.0,0.3933799287880786,0.5,1.0,0.9154815949667561,1.0,0.0,0.0,0.0,1.0,0.0,0.0,0.0,1.0,0.0,0.0,1.0,0.0,1.0,0.0
1.0,0.008703679282605828,0.0,0.3333333333333333,0.5836229744036987,0.3333333333333333,0.0,0.0,1.0,0.0,0.0,0.0,1.0,1.0,0.0,0.0,0.0,0.0,1.0,0.0
0.0,0.7230647500989055,0.5,0.3333333333333333,0.8732769073243111,0.6666666666666666,0.0,0.0,0.0,1.0,0.0,0.0,0.0,1.0,1.0,0.0,0.0,0.0,1.0,0.0
1.0,0.5911908215745747,0.5,0.0,0.6468278786053882,0.3333333333333333,0.0,0.0,1.0,0.0,1.0,0.0,0.0,0.0,0.0,0.0,0.0,0.0,1.0,0.0
1.0,0.23513121455888172,0.0,0.0,0.571393722679485,0.0,1.0,0.0,1.0,1.0,0.0,0.0,0.0,1.0,0.0,0.0,0.0,0.0,1.0,0.0
1.0,0.287880785968614,0.0,0.0,0.5417860345019674,0.0,1.0,0.0,1.0,1.0,0.0,0.0,0.0,1.0,0.0,0.0,0.0,0.0,0.0,1.0
1.0,0.3538177502307794,0.0,0.0,0.5495759329897282,0.0,1.0,1.0,1.0,1.0,0.0,0.0,0.0,1.0,0.0,0.0,0.0,0.0,1.0,0.0
1.0,0.48569167875511016,0.0,0.0,0.5533195029640359,0.0,1.0,0.0,1.0,0.0,0.0,1.0,0.0,0.0,0.0,0.0,0.0,1.0,0.0,0.0
0.0,0.7230647500989055,0.0,0.0,0.9062706890647582,0.0,1.0,0.0,0.0,0.0,1.0,0.0,0.0,0.0,0.0,0.0,1.0,0.0,0.0,1.0
1.0,0.22194382170644866,0.0,0.0,0.5529664214106054,0.0,1.0,0.0,1.0,0.0,0.0,1.0,0.0,0.0,0.0,0.0,0.0,1.0,0.0,0.0
0.0,0.7494395358037717,0.5,0.0,0.912709727689952,0.3333333333333333,0.0,0.0,0.0,1.0,0.0,0.0,0.0,1.0,1.0,0.0,0.0,0.0,0.0,1.0
0.5,0.24831860741131478,0.0,0.0,0.6019131387796799,0.0,1.0,0.0,1.0,1.0,0.0,0.0,0.0,1.0,0.0,0.0,0.0,0.0,1.0,0.0
1.0,0.3538177502307794,0.0,0.0,0.5555032068973483,0.0,1.0,0.0,1.0,1.0,0.0,0.0,0.0,1.0,0.0,0.0,0.0,0.0,1.0,0.0
0.5,0.287880785968614,1.0,0.0,0.7558523647876272,0.6666666666666666,0.0,0.0,1.0,1.0,0.0,0.0,0.0,1.0,0.0,0.0,0.0,0.0,1.0,0.0
1.0,0.34063035737834635,0.0,0.0,0.5538464554174182,0.0,1.0,0.0,1.0,1.0,0.0,0.0,0.0,1.0,0.0,0.0,0.0,0.0,1.0,0.0
1.0,0.32744296452591326,0.0,0.0,0.5418820208313929,0.0,1.0,0.0,0.0,1.0,0.0,0.0,0.0,1.0,0.0,1.0,0.0,0.0,0.0,1.0
0.5,0.34063035737834635,0.0,0.0,0.6346356232964052,0.0,1.0,0.0,0.0,1.0,0.0,0.0,0.0,1.0,0.0,1.0,0.0,0.0,1.0,0.0
0.0,0.43294210734537786,0.0,0.0,0.7342906634447267,0.0,1.0,0.0,1.0,1.0,0.0,0.0,0.0,1.0,0.0,0.0,0.0,0.0,1.0,0.0
0.0,0.5120664644599763,0.0,0.0,0.9414603811872705,0.0,1.0,0.0,1.0,0.0,0.0,1.0,0.0,0.0,0.0,0.0,0.0,0.0,1.0,0.0
1.0,0.3010681788210471,0.0,0.0,0.5377297900819042,0.0,1.0,0.0,1.0,1.0,0.0,0.0,0.0,1.0,0.0,0.0,0.0,0.0,1.0,0.0
0.5,0.15600685744428328,1.0,0.3333333333333333,0.781556069397504,1.0,0.0,0.0,0.0,0.0,0.0,1.0,0.0,0.0,0.0,1.0,0.0,0.0,1.0,0.0
0.0,0.6043782144270078,0.0,0.0,0.8574505118441976,0.0,1.0,0.0,1.0,1.0,0.0,0.0,0.0,1.0,0.0,0.0,0.0,0.0,0.0,1.0
0.5,0.38019253593564556,0.5,0.0,0.7315895681205158,0.3333333333333333,0.0,0.0,1.0,1.0,0.0,0.0,0.0,1.0,0.0,0.0,0.0,0.0,1.0,0.0
0.5,0.27469339311618096,0.0,0.0,0.6346356232964052,0.0,1.0,0.0,1.0,1.0,0.0,0.0,0.0,1.0,0.0,0.0,0.0,0.0,1.0,0.0
0.5,0.630753000131874,0.0,1.0,0.7745405339675516,0.6666666666666666,0.0,0.0,1.0,0.0,1.0,0.0,0.0,0.0,0.0,0.0,0.0,0.0,1.0,0.0
0.0,0.5120664644599763,0.0,0.0,0.7485310286874317,0.0,1.0,0.0,0.0,1.0,0.0,0.0,0.0,1.0,0.0,1.0,0.0,0.0,0.0,1.0
1.0,0.3538177502307794,0.0,0.0,0.5417860345019674,0.0,1.0,1.0,1.0,1.0,0.0,0.0,0.0,1.0,0.0,0.0,0.0,0.0,0.0,1.0
1.0,0.24831860741131478,0.5,0.3333333333333333,0.6628461516310553,0.6666666666666666,0.0,0.0,1.0,0.0,1.0,0.0,0.0,0.0,0.0,0.0,0.0,0.0,0.0,1.0
1.0,0.3538177502307794,0.0,0.0,0.5563658227917077,0.0,1.0,0.0,1.0,1.0,0.0,0.0,0.0,1.0,0.0,0.0,0.0,0.0,1.0,0.0
0.0,0.3933799287880786,0.0,0.0,0.7315895681205158,0.0,1.0,0.0,0.0,1.0,0.0,0.0,0.0,1.0,0.0,0.0,1.0,0.0,1.0,0.0
0.5,0.41975471449294477,0.0,0.0,0.6346356232964052,0.0,1.0,0.0,1.0,1.0,0.0,0.0,0.0,1.0,0.0,0.0,0.0,0.0,1.0,0.0
1.0,0.5120664644599763,0.0,1.0,0.5418820208313929,0.6666666666666666,0.0,0.0,1.0,1.0,0.0,0.0,0.0,1.0,0.0,0.0,0.0,0.0,0.0,1.0
0.5,0.32744296452591326,0.0,0.0,0.7558523647876272,0.0,1.0,0.0,1.0,1.0,0.0,0.0,0.0,1.0,0.0,0.0,0.0,0.0,1.0,0.0
1.0,0.3538177502307794,0.0,0.0,0.5418820208313929,0.0,1.0,1.0,1.0,0.0,0.0,0.0,1.0,1.0,0.0,0.0,0.0,0.0,0.0,1.0
0.5,0.23513121455888172,0.0,0.0,0.6019131387796799,0.0,1.0,0.0,1.0,1.0,0.0,0.0,0.0,1.0,0.0,0.0,0.0,0.0,1.0,0.0
1.0,0.41975471449294477,0.0,0.0,0.5496669234517638,0.0,1.0,0.0,1.0,1.0,0.0,0.0,0.0,1.0,0.0,0.0,0.0,0.0,1.0,0.0
1.0,0.3538177502307794,0.5,0.6666666666666666,0.8445628545744761,1.0,0.0,1.0,1.0,1.0,0.0,0.0,0.0,1.0,0.0,0.0,0.0,0.0,1.0,0.0
0.0,0.7626269286562047,0.0,0.3333333333333333,0.9999999999999999,0.3333333333333333,0.0,0.0,0.0,0.0,1.0,0.0,0.0,0.0,1.0,0.0,0.0,0.0,0.0,1.0
1.0,0.3538177502307794,0.5,0.3333333333333333,0.6508653569632855,0.6666666666666666,0.0,1.0,1.0,0.0,0.0,0.0,1.0,1.0,0.0,0.0,0.0,0.0,1.0,0.0
1.0,0.20875642885401557,0.0,0.0,0.5511922142527812,0.0,1.0,0.0,1.0,0.0,0.0,1.0,0.0,0.0,0.0,0.0,0.0,0.0,1.0,0.0
0.5,0.34063035737834635,0.0,0.0,0.6346356232964052,0.0,1.0,0.0,1.0,1.0,0.0,0.0,0.0,1.0,0.0,0.0,0.0,0.0,1.0,0.0
1.0,0.4988790716075432,0.0,0.0,0.5418820208313929,0.0,1.0,0.0,1.0,0.0,1.0,0.0,0.0,0.0,0.0,0.0,0.0,0.0,0.0,1.0
0.5,0.31425557167348017,0.0,0.0,0.6402839749775167,0.0,1.0,0.0,1.0,1.0,0.0,0.0,0.0,1.0,0.0,0.0,0.0,0.0,1.0,0.0
0.5,0.4065673216405117,0.0,0.0,0.703267298778774,0.0,1.0,0.0,1.0,0.0,0.0,1.0,0.0,0.0,0.0,0.0,0.0,0.0,1.0,0.0
0.0,0.5911908215745747,0.0,0.3333333333333333,0.8350371772977606,0.3333333333333333,0.0,0.0,0.0,0.0,1.0,0.0,0.0,0.0,0.0,1.0,0.0,0.0,0.0,1.0
0.5,0.32744296452591326,0.0,0.0,0.6019131387796799,0.0,1.0,0.0,1.0,1.0,0.0,0.0,0.0,1.0,0.0,0.0,0.0,0.0,1.0,0.0
0.5,0.23513121455888172,0.0,0.0,0.8500964436640062,0.0,1.0,0.0,1.0,1.0,0.0,0.0,0.0,1.0,0.0,0.0,0.0,0.0,1.0,0.0
0.5,0.643940392984307,0.5,1.0,0.837674009427959,1.0,0.0,0.0,1.0,1.0,0.0,0.0,0.0,1.0,0.0,0.0,0.0,0.0,1.0,0.0
1.0,0.0,0.5,1.0,0.7004829279166924,1.0,0.0,0.0,1.0,0.0,0.0,1.0,0.0,0.0,0.0,0.0,0.0,0.0,1.0,0.0
0.0,0.6571277858367401,0.0,0.0,0.7315895681205158,0.0,1.0,0.0,0.0,1.0,0.0,0.0,0.0,1.0,0.0,1.0,0.0,0.0,1.0,0.0
0.0,0.7758143215086378,1.0,0.0,0.8129696509456249,0.6666666666666666,0.0,0.0,0.0,0.0,1.0,0.0,0.0,0.0,0.0,0.0,1.0,0.0,1.0,0.0
1.0,0.3538177502307794,0.0,0.0,0.5560222276446174,0.0,1.0,1.0,1.0,1.0,0.0,0.0,0.0,1.0,0.0,0.0,0.0,0.0,1.0,0.0
1.0,0.3538177502307794,0.0,0.0,0.5533195029640359,0.0,1.0,1.0,1.0,1.0,0.0,0.0,0.0,1.0,0.0,0.0,0.0,1.0,0.0,0.0
1.0,0.3933799287880786,0.5,0.0,0.6610722598453922,0.3333333333333333,0.0,0.0,1.0,0.0,1.0,0.0,0.0,0.0,0.0,0.0,0.0,0.0,1.0,0.0
1.0,0.18897533957536597,1.0,1.0,0.8445628545744761,1.0,0.0,0.0,1.0,0.0,0.0,0.0,1.0,1.0,0.0,0.0,0.0,0.0,1.0,0.0
0.5,0.31425557167348017,0.5,0.3333333333333333,0.7753596925387076,0.6666666666666666,0.0,0.0,1.0,0.0,1.0,0.0,0.0,0.0,0.0,0.0,0.0,0.0,0.0,1.0
0.5,0.4065673216405117,0.0,0.0,0.703267298778774,0.0,1.0,0.0,1.0,0.0,1.0,0.0,0.0,0.0,0.0,0.0,0.0,0.0,1.0,0.0
1.0,0.3538177502307794,0.0,0.0,0.571393722679485,0.0,1.0,0.0,1.0,1.0,0.0,0.0,0.0,1.0,0.0,0.0,0.0,0.0,1.0,0.0
0.0,0.32744296452591326,0.5,0.0,0.8209884864309218,0.3333333333333333,0.0,0.0,0.0,0.0,1.0,0.0,0.0,0.0,0.0,1.0,0.0,0.0,0.0,1.0
1.0,0.3538177502307794,0.5,0.6666666666666666,0.8445628545744761,1.0,0.0,1.0,1.0,0.0,1.0,0.0,0.0,0.0,0.0,0.0,0.0,0.0,1.0,0.0
1.0,0.3538177502307794,0.5,0.0,0.650441788882461,0.3333333333333333,0.0,1.0,1.0,1.0,0.0,0.0,0.0,1.0,0.0,0.0,0.0,0.0,0.0,1.0
1.0,0.287880785968614,0.0,0.0,0.7835993385943633,0.0,1.0,0.0,1.0,0.0,0.0,1.0,0.0,0.0,0.0,0.0,0.0,0.0,1.0,0.0
0.0,0.5911908215745747,0.0,0.3333333333333333,0.8283083036634156,0.3333333333333333,0.0,0.0,1.0,0.0,1.0,0.0,0.0,0.0,0.0,0.0,0.0,0.0,0.0,1.0
0.5,0.38019253593564556,0.0,0.0,0.6441800970512948,0.0,1.0,0.0,1.0,1.0,0.0,0.0,0.0,1.0,0.0,0.0,0.0,0.0,0.0,1.0
0.5,0.27469339311618096,0.5,0.0,0.6160062494355723,0.3333333333333333,0.0,0.0,1.0,1.0,0.0,0.0,0.0,1.0,0.0,0.0,0.0,0.0,1.0,0.0
0.0,0.4065673216405117,0.0,0.0,0.905562720402627,0.0,1.0,0.0,0.0,0.0,0.0,1.0,0.0,0.0,0.0,1.0,0.0,0.0,0.0,1.0
0.0,0.643940392984307,0.0,0.0,0.0,0.0,1.0,0.0,0.0,1.0,0.0,0.0,0.0,1.0,1.0,0.0,0.0,0.0,1.0,0.0
0.5,0.5780034287221416,0.0,0.0,0.6346356232964052,0.0,1.0,0.0,1.0,1.0,0.0,0.0,0.0,1.0,0.0,0.0,0.0,0.0,1.0,0.0
0.0,0.7098773572464724,0.5,0.3333333333333333,0.8606546124922422,0.6666666666666666,0.0,0.0,0.0,0.0,1.0,0.0,0.0,0.0,0.0,1.0,0.0,0.0,1.0,0.0
0.0,0.5911908215745747,0.0,0.0,0.9571210147312349,0.0,1.0,0.0,1.0,0.0,0.0,1.0,0.0,0.0,0.0,0.0,0.0,0.0,0.0,1.0
1.0,0.287880785968614,1.0,0.0,0.571393722679485,0.6666666666666666,0.0,0.0,1.0,0.0,0.0,1.0,0.0,0.0,0.0,0.0,0.0,0.0,1.0,0.0
0.5,0.27469339311618096,0.0,0.0,0.6160062494355723,0.0,1.0,0.0,1.0,1.0,0.0,0.0,0.0,1.0,0.0,0.0,0.0,0.0,1.0,0.0
0.0,0.7230647500989055,0.0,0.0,0.8097745259484713,0.0,1.0,0.0,0.0,1.0,0.0,0.0,0.0,1.0,0.0,0.0,1.0,0.0,1.0,0.0
1.0,0.06369510747725175,1.0,1.0,0.7554101667594658,1.0,0.0,0.0,1.0,0.0,0.0,0.0,1.0,1.0,0.0,0.0,0.0,0.0,1.0,0.0
1.0,0.3538177502307794,0.0,0.0,0.5533195029640359,0.0,1.0,1.0,1.0,1.0,0.0,0.0,0.0,1.0,0.0,0.0,0.0,1.0,0.0,0.0
1.0,0.34063035737834635,0.0,0.0,0.5560222276446174,0.0,1.0,0.0,1.0,1.0,0.0,0.0,0.0,1.0,0.0,0.0,0.0,1.0,0.0,0.0
1.0,0.3538177502307794,0.0,0.0,0.6508653569632855,0.0,1.0,1.0,1.0,0.0,1.0,0.0,0.0,0.0,0.0,0.0,0.0,0.0,1.0,0.0
1.0,0.24831860741131478,0.5,0.0,0.6660928261092621,0.3333333333333333,0.0,0.0,1.0,0.0,1.0,0.0,0.0,0.0,0.0,0.0,0.0,0.0,1.0,0.0
0.5,0.3538177502307794,0.0,0.0,0.6331829911992075,0.0,1.0,1.0,1.0,1.0,0.0,0.0,0.0,1.0,0.0,0.0,0.0,0.0,1.0,0.0
0.5,0.31425557167348017,0.5,1.0,0.837674009427959,1.0,0.0,0.0,1.0,0.0,0.0,1.0,0.0,0.0,0.0,0.0,0.0,0.0,1.0,0.0
1.0,0.31425557167348017,0.0,0.0,0.5538464554174182,0.0,1.0,0.0,1.0,1.0,0.0,0.0,0.0,1.0,0.0,0.0,0.0,0.0,1.0,0.0
0.5,0.7494395358037717,0.0,0.0,0.6346356232964052,0.0,1.0,0.0,1.0,1.0,0.0,0.0,0.0,1.0,0.0,0.0,0.0,0.0,1.0,0.0
1.0,0.27469339311618096,0.0,0.0,0.5533195029640359,0.0,1.0,0.0,1.0,1.0,0.0,0.0,0.0,1.0,0.0,0.0,0.0,1.0,0.0,0.0
1.0,0.07688250032968483,1.0,0.3333333333333333,0.7037514966572321,1.0,0.0,0.0,1.0,0.0,0.0,0.0,1.0,1.0,0.0,0.0,0.0,0.0,1.0,0.0
0.0,0.3010681788210471,0.0,0.0,0.8732769073243111,0.0,1.0,0.0,0.0,1.0,0.0,0.0,0.0,1.0,1.0,0.0,0.0,0.0,1.0,0.0
0.0,0.6703151786891732,0.0,0.3333333333333333,0.782750309341023,0.3333333333333333,0.0,0.0,0.0,0.0,1.0,0.0,0.0,0.0,0.0,1.0,0.0,0.0,1.0,0.0
1.0,0.16919425029671636,0.0,1.0,0.6983057841304584,0.6666666666666666,0.0,0.0,1.0,0.0,0.0,0.0,1.0,1.0,0.0,0.0,0.0,0.0,1.0,0.0
0.5,0.6175656072794409,0.0,0.0,0.6019131387796799,0.0,1.0,0.0,1.0,1.0,0.0,0.0,0.0,1.0,0.0,0.0,0.0,0.0,1.0,0.0
1.0,0.38019253593564556,1.0,0.3333333333333333,0.7097076974233568,1.0,0.0,0.0,1.0,1.0,0.0,0.0,0.0,1.0,0.0,0.0,0.0,0.0,1.0,0.0
0.0,0.23513121455888172,0.5,0.0,0.8293641012141307,0.3333333333333333,0.0,0.0,0.0,0.0,1.0,0.0,0.0,0.0,0.0,0.0,1.0,0.0,1.0,0.0
1.0,0.31425557167348017,0.0,0.0,0.5423564570423155,0.0,1.0,0.0,1.0,1.0,0.0,0.0,0.0,1.0,0.0,0.0,0.0,1.0,0.0,0.0
0.0,0.630753000131874,0.5,0.3333333333333333,0.8574505118441976,0.6666666666666666,0.0,0.0,0.0,0.0,1.0,0.0,0.0,0.0,1.0,0.0,0.0,0.0,0.0,1.0
1.0,0.287880785968614,0.0,0.0,0.5538464554174182,0.0,1.0,0.0,1.0,1.0,0.0,0.0,0.0,1.0,0.0,0.0,0.0,0.0,1.0,0.0
1.0,0.4065673216405117,0.0,0.0,0.5529664214106054,0.0,1.0,0.0,1.0,1.0,0.0,0.0,0.0,1.0,0.0,0.0,0.0,1.0,0.0,0.0
0.0,0.3933799287880786,0.0,0.0,0.9222879888456549,0.0,1.0,0.0,0.0,0.0,0.0,1.0,0.0,0.0,0.0,0.0,1.0,0.0,1.0,0.0
0.5,0.4988790716075432,0.5,0.0,0.703267298778774,0.3333333333333333,0.0,0.0,1.0,1.0,0.0,0.0,0.0,1.0,0.0,0.0,0.0,0.0,1.0,0.0
0.0,0.287880785968614,0.0,0.3333333333333333,0.8283083036634156,0.3333333333333333,0.0,0.0,1.0,0.0,0.0,1.0,0.0,0.0,0.0,0.0,0.0,0.0,0.0,1.0
0.0,0.22194382170644866,0.0,0.0,0.8031509807887095,0.0,1.0,0.0,1.0,1.0,0.0,0.0,0.0,1.0,0.0,0.0,0.0,0.0,1.0,0.0
0.0,0.5648160358697086,0.5,0.0,0.7398168452585685,0.3333333333333333,0.0,0.0,0.0,1.0,0.0,0.0,0.0,1.0,0.0,1.0,0.0,0.0,0.0,1.0
0.5,0.2615060002637479,0.0,0.0,0.6442250507886215,0.0,1.0,0.0,0.0,1.0,0.0,0.0,0.0,1.0,0.0,1.0,0.0,0.0,0.0,1.0
0.5,0.3010681788210471,0.5,0.0,0.6019131387796799,0.3333333333333333,0.0,0.0,1.0,1.0,0.0,0.0,0.0,1.0,0.0,0.0,0.0,0.0,1.0,0.0
0.0,0.6571277858367401,0.5,0.3333333333333333,0.9415177058296278,0.6666666666666666,0.0,0.0,0.0,1.0,0.0,0.0,0.0,1.0,0.0,0.0,1.0,0.0,0.0,1.0
1.0,0.3538177502307794,0.0,0.0,0.5527015714873166,0.0,1.0,1.0,1.0,0.0,0.0,1.0,0.0,0.0,0.0,0.0,0.0,1.0,0.0,0.0
1.0,0.0373203217723856,0.5,0.3333333333333333,0.6432851321806453,0.6666666666666666,0.0,0.0,1.0,0.0,0.0,1.0,0.0,0.0,0.0,0.0,0.0,0.0,1.0,0.0
1.0,0.3538177502307794,0.0,0.0,0.5533195029640359,0.0,1.0,1.0,1.0,0.0,0.0,1.0,0.0,0.0,0.0,0.0,0.0,1.0,0.0,0.0
0.0,0.48569167875511016,0.5,0.0,0.8697013625868214,0.3333333333333333,0.0,0.0,0.0,0.0,1.0,0.0,0.0,0.0,0.0,0.0,1.0,1.0,0.0,0.0
1.0,0.36700514308321247,0.0,0.0,0.5538464554174182,0.0,1.0,0.0,1.0,0.0,0.0,1.0,0.0,0.0,0.0,0.0,0.0,0.0,1.0,0.0
1.0,0.3538177502307794,0.0,0.0,0.5595187239971872,0.0,1.0,1.0,1.0,1.0,0.0,0.0,0.0,1.0,0.0,0.0,0.0,0.0,1.0,0.0
0.0,0.5120664644599763,0.0,0.0,0.887204173787253,0.0,1.0,0.0,0.0,0.0,0.0,0.0,1.0,0.0,0.0,0.0,1.0,0.0,0.0,1.0
1.0,0.5054727680337597,0.0,0.0,0.5423564570423155,0.0,1.0,0.0,1.0,1.0,0.0,0.0,0.0,1.0,0.0,0.0,0.0,0.0,1.0,0.0
1.0,0.3538177502307794,0.0,0.0,0.5595187239971872,0.0,1.0,1.0,1.0,1.0,0.0,0.0,0.0,1.0,0.0,0.0,0.0,0.0,1.0,0.0
1.0,0.3538177502307794,0.5,0.3333333333333333,0.7117231142643369,0.6666666666666666,0.0,1.0,1.0,0.0,0.0,0.0,1.0,1.0,0.0,0.0,0.0,0.0,0.0,1.0
